punto_id,piso,rssi_dbm,intermitencia
1,Piso1,-72.9,No
2,Piso1,-61.4,No
3,Piso1,-71.5,Si
4,Piso1,-60.6,No
5,Piso1,-58.3,Si
6,Piso1,-70.6,No
7,Piso1,-59.5,No
8,Piso1,-62.9,No
9,Piso1,-60.4,Si
10,Piso1,-53.7,No
11,Piso1,-67,Si
12,Piso1,-70.2,Si
13,Piso1,-71,No
14,Piso1,-70.6,Si
15,Piso1,-66,No
16,Piso1,-63.4,No
17,Piso1,-63.8,No
18,Piso1,-60.4,No
19,Piso1,-65.4,Si
20,Piso1,-56.5,Si
21,Piso1,-67.1,No
22,Piso1,-48.6,Si
23,Piso1,-61.6,No
24,Piso1,-70.8,No
25,Piso1,-72.1,No
26,Piso1,-62.5,No
27,Piso1,-66.9,Si
28,Piso1,-61.1,Si
29,Piso1,-62.6,No
30,Piso1,-66,Si
31,Piso2,-67.1,No
32,Piso2,-70.3,No
33,Piso2,-65.1,Si
34,Piso2,-58.9,No
35,Piso2,-62,No
36,Piso2,-69,Si
37,Piso2,-62.2,No
38,Piso2,-61.2,No
39,Piso2,-67.2,No
40,Piso2,-62.3,No
41,Piso2,-62.7,Si
42,Piso2,-68.5,No
43,Piso2,-61.3,No
44,Piso2,-60.3,Si
45,Piso2,-57.8,No
46,Piso2,-57.9,No
47,Piso2,-69.6,No
48,Piso2,-67.5,Si
49,Piso2,-60.5,No
50,Piso2,-60.5,No
51,Piso2,-60.5,No
52,Piso2,-44.5,Si
53,Piso2,-60.3,Si
54,Piso2,-57.5,No
55,Piso2,-58.4,No
56,Piso2,-59.9,Si
57,Piso2,-64.5,Si
58,Piso2,-59.4,No
59,Piso2,-66.7,Si
60,Piso2,-64.1,Si
61,Piso3,-77,Si
62,Piso3,-73.5,Si
63,Piso3,-59.9,Si
64,Piso3,-85.4,Si
65,Piso3,-69.8,Si
66,Piso3,-83.8,Si
67,Piso3,-76.9,Si
68,Piso3,-67.4,No
69,Piso3,-73.6,No
70,Piso3,-80.6,Si
71,Piso3,-78.4,Si
72,Piso3,-69.9,No
73,Piso3,-78.5,No
74,Piso3,-72.7,Si
75,Piso3,-73.7,No
76,Piso3,-78,No
77,Piso3,-60.9,Si
78,Piso3,-70.1,No
79,Piso3,-86.4,Si
80,Piso3,-72.9,Si
81,Piso3,-78,Si
82,Piso3,-68.8,Si
83,Piso3,-78.8,No
84,Piso3,-74.7,Si
85,Piso3,-70.9,Si
86,Piso3,-68.7,Si
87,Piso3,-81.3,Si
88,Piso3,-76,Si
89,Piso3,-76.9,Si
90,Piso3,-78,Si
